cam_abbr,cam_name,angle,category,url,stored_url
hoteldesbalances,Hotel des Balances,360,Hotels,https://hoteldesbalances.roundshot.com/,https://storage2.roundshot.com/5b7abf8c98c207.21044267
bellevue,Bellevue,360,Hotels,https://bellevue.roundshot.com/,https://storage.roundshot.com/53a0470748e768.32694332
belvederegrindelwald,Belvedere Grindelwald,360,Hotels,https://belvederegrindelwald.roundshot.com/,https://storage2.roundshot.com/56dffea8826120.23800639
belvedere,Belvedère - Scuol,315,Hotels,https://belvedere.roundshot.com/,https://storage2.roundshot.com/53ce5956663437.97348915
buergenstock,Bürgenstock Resort,360,Hotels,https://buergenstock.roundshot.com/,https://storage.roundshot.com/53a8348147a752.77568194
crestapalace,CRESTA PALACE - Celerina,360,Hotels,https://crestapalace.roundshot.com/,https://storage.roundshot.com/56c729bb5096f4.46498272
casaberno,Casa Berno Hotel,200,Hotels,https://casaberno.roundshot.com/,https://storage2.roundshot.com/5b9912a9a0b415.27138200
castello-seeschloss,Castello Seeschloss Hotel,360,Hotels,https://castello-seeschloss.roundshot.com/,https://storage2.roundshot.com/5beee273957954.04213862
hoteledelweiss,Edelweiss,360,Hotels,https://hoteledelweiss.roundshot.com/,https://storage.roundshot.com/53a9860b3a5780.45862775
florensresort,Florens Lake Resort & Spa,260,Hotels,https://florensresort.roundshot.com/,https://storage2.roundshot.com/5c4b331cc31ec6.62142760
hofmaranhotel,Hof Maran Golf -und Sporthotel,360,Hotels,https://hofmaranhotel.roundshot.com/,https://storage2.roundshot.com/5bc5fba2c46374.64956739
huusgstaad,Huus Hotel Gstaad,185,Hotels,https://huusgstaad.roundshot.com/,https://storage2.roundshot.com/582c2692c86f40.73389854
kirchbuehl,Kirchbühl Grindelwald,360,Hotels,https://kirchbuehl.roundshot.com/,https://storage.roundshot.com/53a9904e274b39.54073038
lejdastaz,Lej da Staz,360,Hotels,https://lejdastaz.roundshot.com/,https://storage.roundshot.com/5babae586c0576.03042438
maerchenhotel,Märchenhotel Braunwald,360,Hotels,https://maerchenhotel.roundshot.com/,https://storage.roundshot.com/5bbb6b8a460304.77540343
oeschinensee_berghotel,Berghotel,220,Hotels,https://oeschinensee.roundshot.com/berghotel/,https://storage.roundshot.com/5b9a547a834406.74167457
oeschinensee_rodelbahn,Rodelbahn,360,Hotels,https://oeschinensee.roundshot.com/rodelbahn/,https://storage.roundshot.com/5bc72c6323ddd0.70011779
palacegstaad,Palace Gstaad,360,Hotels,https://palacegstaad.roundshot.com/,https://storage2.roundshot.com/53a97aadc548e7.20618519
refugederborence,Refuge du Lac de Derborence,360,Hotels,https://refugederborence.roundshot.com/,https://storage2.roundshot.com/5bd0416a59f375.93812809
romantikhotelhornberg,Romantik Hotel Hornberg,360,Hotels,https://romantikhotelhornberg.roundshot.com/,https://storage.roundshot.com/5baa1a03a16ed1.21510177
uetliberg,Uetliberg,315,Hotels,https://uetliberg.roundshot.com/,https://storage2.roundshot.com/53aacd05e65407.10715840
aigloncollege,Aiglon College,360,Schools,https://aigloncollege.roundshot.com/,https://storage2.roundshot.com/576c4aa94999f3.08977207
beausoleil,Villars,360,Schools,https://beausoleil.roundshot.com/,https://storage2.roundshot.com/53a045ff4fbbe6.64488555
baeumlihof,Bäumlihof Gymnasium,360,Schools,https://baeumlihof.roundshot.com/,https://storage2.roundshot.com/5804de7f346cd2.01986444
epfl,EPFL BC,360,Schools,https://epfl.roundshot.com/,https://storage2.roundshot.com/57a460b47e2e65.46913349
epflplace,EPFL Place Maurice Cosandey,360,Schools,https://epflplace.roundshot.com/,https://storage2.roundshot.com/5ca61693905378.18868884
andermatt-sedrun_gemsstock,Gemsstock,360,Ski resorts,https://andermatt-sedrun.roundshot.com/gemsstock/,https://storage.roundshot.com/550ea97a839c41.16439903
anzere_pistes,Anzère - Pas de Maimbré,240,Ski resorts,https://anzere.roundshot.com/pistes/,https://storage2.roundshot.com/531f37f9368025.33250381
anzere_village,Anzère - Village,360,Ski resorts,https://anzere.roundshot.com/village/,https://storage2.roundshot.com/531f37804d07d3.91324329
arosadorf,Arosa Dorf,360,Ski resorts,https://arosadorf.roundshot.com/,https://storage2.roundshot.com/5ef5e7be5df768.65713316
baerenland,Bärenland,360,Ski resorts,https://baerenland.roundshot.com/,https://storage.roundshot.com/5b60374e4e39d2.29024102
hoernliberg,Hörnli,360,Ski resorts,https://hoernliberg.roundshot.com/,https://storage.roundshot.com/59b264f297a104.65661067
tschuggen,Tschuggen,360,Ski resorts,https://tschuggen.roundshot.com/,https://storage.roundshot.com/53a04101be4002.64521781
weisshorn,Weisshorn,360,Ski resorts,https://weisshorn.roundshot.com/,https://storage.roundshot.com/585bec33968fe0.94963985
axalp_windegg,Axalp - Windegg,360,Ski resorts,https://axalp.roundshot.com/windegg/,https://storage2.roundshot.com/5f8ed3efe2a147.60061295
belalp_hohbiel,Hohbiel,360,Ski resorts,https://belalp.roundshot.com/hohbiel/,https://storage.roundshot.com/55a78f482a72c1.38995956
bellwaldtourismus_bellwald,Bellwald  Talstation,360,Ski resorts,https://bellwaldtourismus.roundshot.com/bellwald/,https://storage2.roundshot.com/5f6e032719cc12.19495005
bellwaldtourismus_fleschen,Bellwald Mittelstation Fleschen,360,Ski resorts,https://bellwaldtourismus.roundshot.com/fleschen/,https://storage2.roundshot.com/5fe0728255b109.14387735
bellwaldtourismus_furggulti,Furggulti,360,Ski resorts,https://bellwaldtourismus.roundshot.com/furggulti/,https://storage2.roundshot.com/60059c1b2b0718.08571881
bielkinzig_weissenboden,Weissenboden,360,Ski resorts,https://bielkinzig.roundshot.com/weissenboden/,https://storage.roundshot.com/563cccc4d6dde3.19689514
braunwald_gumen,Gumen,360,Ski resorts,https://braunwald.roundshot.com/gumen/,https://storage.roundshot.com/57dfbb86b9b081.59321175
braunwald_z_grotzenbuel,Z_Grotzenbüel,360,Ski resorts,https://braunwald.roundshot.com/z_grotzenbuel/,https://storage.roundshot.com/57dfb17c4ab459.56285187
brigtourismus_simplonpass,Simplonpass,360,Ski resorts,https://brigtourismus.roundshot.com/simplonpass/,https://storage.roundshot.com/61790a6bd1bc05.18647068
pds-ch_lescrosets,Les Crosets,360,Ski resorts,https://pds-ch.roundshot.com/lescrosets/,https://storage.roundshot.com/59636f2befbde3.53139220
pds-ch_morgins,Morgins,360,Ski resorts,https://pds-ch.roundshot.com/morgins/,https://storage2.roundshot.com/5dfcb3eb5845c6.55182376
brambruesch,Brambrüesch,360,Ski resorts,https://brambruesch.roundshot.com/,https://storage2.roundshot.com/582d8268ab87f6.88941696
lenzerheide_parpan,Parpan Gemeinde,360,Ski resorts,https://lenzerheide.roundshot.com/parpan/,https://storage.roundshot.com/545ce166cfcab0.97806627
telechateaudoex_la-braye,La Braye,360,Ski resorts,https://telechateaudoex.roundshot.com/la-braye/,https://storage.roundshot.com/55911a68b6e3b0.87363835
cma_grandsignal,La Nationale,360,Ski resorts,https://cma.roundshot.com/grandsignal/,https://storage.roundshot.com/53a837162f8ce9.23016414
disentis_caischavedra,Caischavedra,360,Ski resorts,https://disentis.roundshot.com/caischavedra/,https://storage2.roundshot.com/5e25d07132d6d6.63539632
disentis_cuolmdavi,Cuolm Da Vi,360,Ski resorts,https://disentis.roundshot.com/cuolmdavi/,https://storage.roundshot.com/5e25cfe6dccee4.58743619
disentis_gendusa,Gendusa,360,Ski resorts,https://disentis.roundshot.com/gendusa/,https://storage2.roundshot.com/5e25d0664d63a0.37910666
ecole-suisse-de-ski-diablerets,Ecole Suisse de Ski Diablerets,360,Ski resorts,https://ecole-suisse-de-ski-diablerets.roundshot.com/,https://storage2.roundshot.com/60e2d724904465.41029159
eischoll_stryggen,Stryggen,360,Ski resorts,https://eischoll.roundshot.com/stryggen/,https://storage2.roundshot.com/60c06fbbdae733.99444519
evoleneregion_arolla,Arolla,360,Ski resorts,https://evoleneregion.roundshot.com/arolla/,https://storage2.roundshot.com/5f7af5180ccd85.03527271
evoleneregion_evolene,Evolène,360,Ski resorts,https://evoleneregion.roundshot.com/evolene/,https://storage2.roundshot.com/582c8ad2e12607.05314864
fuerenalp,Fürenalp,360,Ski resorts,https://fuerenalp.roundshot.com/,https://storage.roundshot.com/53a83ab613b499.51177756
gemmi,Gemmi,360,Ski resorts,https://gemmi.roundshot.com/,https://storage.roundshot.com/53a97832ca3462.76027122
grindelwaldbus,Grindelwald Bus,360,Ski resorts,https://grindelwaldbus.roundshot.com/,https://storage2.roundshot.com/53a0446509fab0.00534517
maennlichen_bergstation-wengen,Männlichen Bergstation Wengen,360,Ski resorts,https://maennlichen.roundshot.com/bergstation-wengen/,https://storage2.roundshot.com/5dea20fe356da5.66127651
glacier3000_cabane,Glacier 3000 - Cabane,360,Ski resorts,https://glacier3000.roundshot.com/cabane/,https://storage2.roundshot.com/60ca10d050e1c6.36523180
glacier3000,Glacier3000,360,Ski resorts,https://glacier3000.roundshot.com/,https://storage.roundshot.com/53ce6a088e0b28.00564708
hochwang_triemel,Triemel,360,Ski resorts,https://hochwang.roundshot.com/triemel/,https://storage.roundshot.com/6141fad9adac31.34073269
hohsaas_3200,Hohsaas 3200m,360,Ski resorts,https://hohsaas.roundshot.com/3200/,https://storage.roundshot.com/5523f38c8a5d50.60990359
hohsaas_kreuzboden,Kreuzboden 2400m,360,Ski resorts,https://hohsaas.roundshot.com/kreuzboden/,https://storage.roundshot.com/5a1599033c9fd1.83623272
jungfrau_top-of-europe-eiger-express,Eiger Express Panorama Mast 4,360,Ski resorts,https://jungfrau.roundshot.com/top-of-europe-eiger-express/,https://storage2.roundshot.com/5df0edf6b4e0b3.73492331
jungfrau_top-of-europe-jungfraujoch,Jungfraujoch,360,Ski resorts,https://jungfrau.roundshot.com/top-of-europe-jungfraujoch/,https://storage.roundshot.com/5e568a0aaea5b0.54147912
jungfrau_top-of-europe-jungfrau-ostgrat,Ostgrat,180,Ski resorts,https://jungfrau.roundshot.com/top-of-europe-jungfrau-ostgrat/,https://storage2.roundshot.com/5bbfa31cd4b510.45617515
wolzenalp,Wolzenalp,360,Ski resorts,https://wolzenalp.roundshot.com/,https://storage2.roundshot.com/5b4c75b73c33a6.42083074
laberra,La Berra,360,Ski resorts,https://laberra.roundshot.com/,https://storage.roundshot.com/5c9dce3cc889a9.50151578
laax_bargis,Bargis,360,Ski resorts,https://laax.roundshot.com/bargis/,https://storage.roundshot.com/61c332b69648a0.73865022
laax_berghaus-nagens,Berghaus Nagens,360,Ski resorts,https://laax.roundshot.com/berghaus-nagens/,https://storage.roundshot.com/53a9975b58ebb0.66139522
laax_caumasee,Caumasee,180,Ski resorts,https://laax.roundshot.com/caumasee/,https://storage.roundshot.com/55812d7391ce13.12122046
laax_crap-masegn,Crap Masegn,360,Ski resorts,https://laax.roundshot.com/crap-masegn/,https://storage.roundshot.com/53a996c10ed670.35746690
laax_crap-sogn-gion-park,Crap Sogn Gion Park,220,Ski resorts,https://laax.roundshot.com/crap-sogn-gion-park/,https://storage.roundshot.com/53a99501edd533.09911744
laax_crap-sogn-gion-plaun,Crap Sogn Gion Plaun,270,Ski resorts,https://laax.roundshot.com/crap-sogn-gion-plaun/,https://storage.roundshot.com/53a9962e8aa056.47025501
laax_la-siala,La Siala,200,Ski resorts,https://laax.roundshot.com/la-siala/,https://storage.roundshot.com/5644bef8354f91.84288184
laax_mutta-rodunda,Mutta Rodunda,360,Ski resorts,https://laax.roundshot.com/mutta-rodunda/,https://storage.roundshot.com/53a997e1013c14.63553348
laax_conn,Rheinschlucht - Conn,270,Ski resorts,https://laax.roundshot.com/conn/,https://storage.roundshot.com/55812ec3db6989.48256032
laax_rocksresort,Rocksresort,265,Ski resorts,https://laax.roundshot.com/rocksresort/,https://storage.roundshot.com/53a993ada74135.72602423
rocksresort3_baustelle,Rocksresort 3 - Baustelle,180,Ski resorts,https://rocksresort3.roundshot.com/baustelle/,https://storage2.roundshot.com/59ca25a401f5b7.03023171
laax_talstation-flims,Talstation Flims,360,Ski resorts,https://laax.roundshot.com/talstation-flims/,https://storage.roundshot.com/53a99192aeeba9.80818547
laax_vorab-gletscher,Vorab Gletscher,360,Ski resorts,https://laax.roundshot.com/vorab-gletscher/,https://storage.roundshot.com/53a9986ade03f6.46565419
lantsch-lenz,Lantsch - Lenz,360,Ski resorts,https://lantsch-lenz.roundshot.com/,https://storage.roundshot.com/5655c81aa4a884.57008188
biathlonarena,Biathlon Arena,360,Ski resorts,https://biathlonarena.roundshot.com/,https://storage.roundshot.com/5421625b91dc77.83333402
lenk_leiterli,Betelberg,360,Ski resorts,https://lenk.roundshot.com/leiterli/,https://storage.roundshot.com/6127bad2245587.71962036
lenzerheide_alpstaetz,Alp Stätz,360,Ski resorts,https://lenzerheide.roundshot.com/alpstaetz/,https://storage.roundshot.com/53aa8d33466fa9.62099805
churwalden,Churwalden,360,Ski resorts,https://churwalden.roundshot.com/,https://storage2.roundshot.com/5dea16af08e466.09129814
lenzerheide_rothorn,Parpaner Rothorn,360,Ski resorts,https://lenzerheide.roundshot.com/rothorn/,https://storage.roundshot.com/53aa8e920dd9e7.40757090
lenzerheide_pizscalottas,Piz Scalottas,360,Ski resorts,https://lenzerheide.roundshot.com/pizscalottas/,https://storage.roundshot.com/53aa8fcedea3b9.09671656
lenzerheide_talstation,Talstation,360,Ski resorts,https://lenzerheide.roundshot.com/talstation/,https://storage.roundshot.com/54788dfab13ae0.67443619
lenzerheide_urdenfuerggli,Urdenfuerggli,360,Ski resorts,https://lenzerheide.roundshot.com/urdenfuerggli/,https://storage.roundshot.com/53aa8f32c64ec5.88423204
tlml,Kuklos,360,Ski resorts,https://tlml.roundshot.com/,https://storage.roundshot.com/53ce6a73d7cc75.56101023
lesmosses,Les Mosses,360,Ski resorts,https://lesmosses.roundshot.com/,https://storage.roundshot.com/5421713e33b861.96403086
leysin_snowpark,Snowpark,360,Ski resorts,https://leysin.roundshot.com/snowpark/,https://storage.roundshot.com/6179095573e5e4.86764249
leysin_tobogganing-park,Tobogganing Park,360,Ski resorts,https://leysin.roundshot.com/tobogganing-park/,https://storage2.roundshot.com/5ce652547ae320.15727700
mob_rochersdenaye,Rochers de Naye,360,Ski resorts,https://mob.roundshot.com/rochersdenaye/,https://storage2.roundshot.com/54ef421ae3cdd3.25550945
gryon,Gryon - Frience,360,Ski resorts,https://gryon.roundshot.com/,https://storage.roundshot.com/5c8b93d5aba0d7.56437659
marbachegg,Marbachegg,360,Ski resorts,https://marbachegg.roundshot.com/,https://storage2.roundshot.com/59bf8d45e99462.32929904
alpentower,Meiringen Hasliberg - Alpen Tower,360,Ski resorts,https://alpentower.roundshot.com/,https://storage2.roundshot.com/564f0328b9b989.00509554
kaeserstatt,Meiringen Hasliberg - Käserstatt,360,Ski resorts,https://kaeserstatt.roundshot.com/,https://storage2.roundshot.com/55799ba6e211b2.16310487
maegisalp,Meiringen Hasliberg - Maegisalp,360,Ski resorts,https://maegisalp.roundshot.com/,https://storage2.roundshot.com/53ce59bee8e0e9.48135677
bonistock,Melchsee-Frutt - Bonistock,360,Ski resorts,https://bonistock.roundshot.com/,https://storage.roundshot.com/53ce6d3f058424.34843416
melchseefrutt,Melchsee-Frutt - Dorf,360,Ski resorts,https://melchseefrutt.roundshot.com/,https://storage.roundshot.com/53ce6e2b79e7b2.42704522
torrent,Torrentbahnen,360,Ski resorts,https://torrent.roundshot.com/,https://storage2.roundshot.com/5bf80af25b1206.18312876
nendaz_coldesgentianes,Col des Gentianes,360,Ski resorts,https://nendaz.roundshot.com/coldesgentianes/,https://storage.roundshot.com/618a7f6ae037f9.90574053
nendaz_combatseline,Combatseline,360,Ski resorts,https://nendaz.roundshot.com/combatseline/,https://storage.roundshot.com/5faab4c8b0ed84.74266631
nendaz_greppon-blanc,Greppon Blanc,360,Ski resorts,https://nendaz.roundshot.com/greppon-blanc/,https://storage.roundshot.com/5dfbb49fa06246.31148904
nendaz_lacdetracouet,Lac  de Tracouet,360,Ski resorts,https://nendaz.roundshot.com/lacdetracouet/,https://storage.roundshot.com/606eea4b79d796.97065418
nendaz_plandufou,Plan du Fou,360,Ski resorts,https://nendaz.roundshot.com/plandufou/,https://storage.roundshot.com/5fad43ed0ed751.37998014
nendaz_prarion-balavaud,Prarion-Balavaud,360,Ski resorts,https://nendaz.roundshot.com/prarion-balavaud/,https://storage.roundshot.com/6092ba0ba381e7.61524575
nendaz_siviez,Siviez,360,Ski resorts,https://nendaz.roundshot.com/siviez/,https://storage.roundshot.com/5fb15b552b1798.39341178
nendaz_depart-tracouet,Tracouet Départ,50,Ski resorts,https://nendaz.roundshot.com/depart-tracouet/,https://storage.roundshot.com/5fb15c5ea567b6.53481158
niederhornbahn,Niederhorn,360,Ski resorts,https://niederhornbahn.roundshot.com/,https://storage2.roundshot.com/5a902bcdd01f11.04145516
labrevine,La Brevine,50,Ski resorts,https://labrevine.roundshot.com/,https://storage2.roundshot.com/6086cea0c9da13.51633054
pilatus,Pilatus - Esel,360,Ski resorts,https://pilatus.roundshot.com/,https://storage2.roundshot.com/53ce6af5ae1835.21533240
saastal_hannig,Hannig,290,Ski resorts,https://saastal.roundshot.com/hannig/,https://storage2.roundshot.com/5fa426219f1624.47033134
saastal_heidbodme,Heidbodme,360,Ski resorts,https://saastal.roundshot.com/heidbodme/,https://storage2.roundshot.com/601036f5ede336.07091366
schilthorn_allmendhubel,Allmendhubel,360,Ski resorts,https://schilthorn.roundshot.com/allmendhubel/,https://storage.roundshot.com/5639f2dbddec02.49212452
schilthorn_birg,Birg,360,Ski resorts,https://schilthorn.roundshot.com/birg/,https://storage.roundshot.com/5639f2324797c3.98380703
alpsellamatt,Alp Sellamatt - Berghotel,360,Ski resorts,https://alpsellamatt.roundshot.com/,https://storage2.roundshot.com/59412dabdc2347.53111703
alpsellamatt_zinggen,Alp Sellamatt - Zinggen,360,Ski resorts,https://alpsellamatt.roundshot.com/zinggen/,https://storage2.roundshot.com/59414d28dcec26.26414798
spluegen,Tanatzhöhe,360,Ski resorts,https://spluegen.roundshot.com/,https://storage.roundshot.com/53ce5a7155c4f4.57507300
gspon,Staldenried Gemeinde,360,Ski resorts,https://gspon.roundshot.com/,https://storage2.roundshot.com/5f1febcead00a2.85127973
saentis,Säntis Gipfel,360,Ski resorts,https://saentis.roundshot.com/,https://storage2.roundshot.com/53ce6b5b69eda2.07649423
saentis_schwaegalp,Säntis Schwägalp,270,Ski resorts,https://saentis.roundshot.com/schwaegalp/,https://storage2.roundshot.com/5f3290396f3838.18976710
soerenberg_rothorn,Rothorn Gipfel,270,Ski resorts,https://soerenberg.roundshot.com/rothorn/,https://storage.roundshot.com/58c17d5df15144.54606734
brunnenberg,Brunnenberg,360,Ski resorts,https://brunnenberg.roundshot.com/,https://storage2.roundshot.com/5ef1f64f484ba8.46743434
chaeserrugg,Chaeserrugg,360,Ski resorts,https://chaeserrugg.roundshot.com/,https://storage2.roundshot.com/53aac874be36f1.86083713
iltios,Iltios,360,Ski resorts,https://iltios.roundshot.com/,https://storage.roundshot.com/58ee238ec0fbd8.86947325
thyon_trabanta,Trabanta,360,Ski resorts,https://thyon.roundshot.com/trabanta/,https://storage.roundshot.com/615ef90332da74.06935840
villars_leschaux,Gryon - Les Chaux,360,Ski resorts,https://villars.roundshot.com/leschaux/,https://storage2.roundshot.com/59d7889324a395.24481950
villars_lesmazots,Les Diablerets - Les Mazots,360,Ski resorts,https://villars.roundshot.com/lesmazots/,https://storage.roundshot.com/544f809ea788f8.47106013
villars_meilleret,Les Diablerets - Meilleret,360,Ski resorts,https://villars.roundshot.com/meilleret/,https://storage.roundshot.com/53aac4deacefa4.49887477
villars_bretaye,Villars - Bretaye,360,Ski resorts,https://villars.roundshot.com/bretaye/,https://storage2.roundshot.com/53aac613088ab7.11272659
villars_pt-chamossaire,Villars - Petit Chamossaire,360,Ski resorts,https://villars.roundshot.com/pt-chamossaire/,https://storage.roundshot.com/53aabfac9d5614.13900910
lenzerheide_bargias,Bargias,360,Ski resorts,https://lenzerheide.roundshot.com/bargias/,https://storage.roundshot.com/541151ad734342.21140197
verbier_montfort,Mont Fort,360,Ski resorts,https://verbier.roundshot.com/montfort/,https://storage.roundshot.com/5f353abe8d2171.42275892
verbier_savoleyres,Savoleyres,360,Ski resorts,https://verbier.roundshot.com/savoleyres/,https://storage.roundshot.com/5d94ae4e6d2618.34247816
verbier_tzoumaz,Tzoumaz,360,Ski resorts,https://verbier.roundshot.com/tzoumaz/,https://storage.roundshot.com/61234b3995e2e2.34204567
lavuardette,La Vuardette,360,Ski resorts,https://lavuardette.roundshot.com/,https://storage2.roundshot.com/5ee351918f48c1.22223924
ebenalp,Ebenalp,360,Ski resorts,https://ebenalp.roundshot.com/,https://storage.roundshot.com/5a7c518a176f53.54105137
gartenalp,Gartenalp,180,Ski resorts,https://gartenalp.roundshot.com/,https://storage2.roundshot.com/5de0d112a90279.81323382
wasserfallenbahn,Wasserfallen - Bergstation,360,Ski resorts,https://wasserfallenbahn.roundshot.com/,https://storage2.roundshot.com/54e70d752c80c0.27201828
wildhaus_gamsalp,Gamsalp,360,Ski resorts,https://wildhaus.roundshot.com/gamsalp/,https://storage2.roundshot.com/5953c9a6dfb078.82403998
wildhaus_oberdorf,Oberdorf,360,Ski resorts,https://wildhaus.roundshot.com/oberdorf/,https://storage2.roundshot.com/593ed5cbe5c930.24637295
zbag_hirli,Hirli,360,Ski resorts,https://zbag.roundshot.com/hirli/,https://storage.roundshot.com/5dd575d88ff6f4.69086930
zbag_matterhornglacierparadise,Matterhorn - Glacier Paradise,360,Ski resorts,https://zbag.roundshot.com/matterhornglacierparadise/,https://storage.roundshot.com/5cda5bf21a7198.55013080
zbag_rothorn,Rothorn,180,Ski resorts,https://zbag.roundshot.com/rothorn/,https://storage.roundshot.com/5dd572ed217448.13831429
zbag_sunnegga,Sunnegga,50,Ski resorts,https://zbag.roundshot.com/sunnegga/,https://storage.roundshot.com/5dd5765bd47316.88564927
zbag_trockener-steg,Trockener Steg,360,Ski resorts,https://zbag.roundshot.com/trockener-steg/,https://storage.roundshot.com/5dd57285747da0.74612870
zermatt_gornergrat,Gornergrat,360,Ski resorts,https://zermatt.roundshot.com/gornergrat/,https://storage2.roundshot.com/5dd571e14c8d10.06684428
zermatt_hohtaelli,Hohtälli,270,Ski resorts,https://zermatt.roundshot.com/hohtaelli/,https://storage.roundshot.com/5dd57245813f98.01911817
zermatt_randa,Randa,360,Ski resorts,https://zermatt.roundshot.com/randa/,https://storage.roundshot.com/5dcc1e9e030070.06377080
zermatt_schonegg,Schönegg Hotel,50,Ski resorts,https://zermatt.roundshot.com/schonegg/,https://storage.roundshot.com/5dd5768f8f3e19.24925088
zermatt_taesch,Täsch Dorf,360,Ski resorts,https://zermatt.roundshot.com/taesch/,https://storage.roundshot.com/5dd576eb8ffae5.67357181
zermatt_zermatterhof,Zermatterhof,360,Ski resorts,https://zermatt.roundshot.com/zermatterhof/,https://storage.roundshot.com/5dd57433a13c58.72193378
kachelmannwetter_klingenstock,Klingenstock,360,Weather cams,https://kachelmannwetter.roundshot.com/klingenstock/,https://storage2.roundshot.com/5d23115cefdaf6.21509746
kachelmannwetter_rotenflue,Rotenflue,360,Weather cams,https://kachelmannwetter.roundshot.com/rotenflue/,https://storage2.roundshot.com/548ea1876fbaa7.33455027
kachelmannwetter_sattel,Sattel,360,Weather cams,https://kachelmannwetter.roundshot.com/sattel/,https://storage2.roundshot.com/54807463306128.35577150
kachelmannwetter_tierparkgoldau,Tierpark Goldau,360,Weather cams,https://kachelmannwetter.roundshot.com/tierparkgoldau/,https://storage2.roundshot.com/58347af425afe1.04345042
andermatt_baezberg,Baezberg,160,Construction sites,https://andermatt.roundshot.com/baezberg/,https://storage.roundshot.com/5322dcaec2f0b3.73101337
binz,Binz public,180,Construction sites,https://binz.roundshot.com/,https://storage.roundshot.com/5db950e47726b4.39427479
bussimmobilien,Bredella AG - Buss Immobilien,360,Construction sites,https://bussimmobilien.roundshot.com/,https://storage2.roundshot.com/5c9b60f03df719.72602116
cffimmobilier_quaiouest,Quai Ouest,220,Construction sites,https://cffimmobilier.roundshot.com/quaiouest/,https://storage2.roundshot.com/5a1849da8d46c0.44991524
cffimmobilier_quartierdeshalles,Quartier Des Halles,160,Construction sites,https://cffimmobilier.roundshot.com/quartierdeshalles/,https://storage2.roundshot.com/58905c65139f56.25776070
gzo_baustelle,GZO Baustelle 1,145,Construction sites,https://gzo.roundshot.com/baustelle/,https://storage2.roundshot.com/5a2162b41e48d5.64345084
gzo_baustelle2,GZO Baustelle 2 public,50,Construction sites,https://gzo.roundshot.com/baustelle2/,https://storage.roundshot.com/5c3de64eb4b942.09009828
halter_baeretower,Bäretower,50,Construction sites,https://halter.roundshot.com/baeretower/,https://storage2.roundshot.com/5bb4cee7ba39f6.43026722
halter_claraturm,Claraturm,160,Construction sites,https://halter.roundshot.com/claraturm/,https://storage2.roundshot.com/5bb4ce74652255.63348325
inwil,Inwil Dorf,280,Construction sites,https://inwil.roundshot.com/,https://storage.roundshot.com/6139ee24778e97.13160285
jungfrau_luetschine,Lütschine,200,Construction sites,https://jungfrau.roundshot.com/luetschine/,https://storage2.roundshot.com/5aeb76197538d3.39429739
jungfrau_eigergletschernordwand,Nordwand,360,Construction sites,https://jungfrau.roundshot.com/eigergletschernordwand/,https://storage.roundshot.com/5aec2275b5dad4.34391000
jungfrau_pavillon,Pavillon,360,Construction sites,https://jungfrau.roundshot.com/pavillon/,https://storage2.roundshot.com/5aeb662b2fa070.96225768
jungfrau_rothenegg,Rothenegg,200,Construction sites,https://jungfrau.roundshot.com/rothenegg/,https://storage2.roundshot.com/5aeb7079cf4992.93508030
jungfrau_eigergletschertrafostation,Trafostation,360,Construction sites,https://jungfrau.roundshot.com/eigergletschertrafostation/,https://storage.roundshot.com/5aec11cd29c984.99554859
albulatunnel,Albulatunnel,360,Construction sites,https://albulatunnel.roundshot.com/,https://storage2.roundshot.com/54746c4b1386b2.69857289
scopedevelopment_epalinges,Epalinges,50,Construction sites,https://scopedevelopment.roundshot.com/epalinges/,https://storage2.roundshot.com/5c7552fca284b5.58464718
scopedevelopment,Pasta Gala - Morges,200,Construction sites,https://scopedevelopment.roundshot.com/,https://storage2.roundshot.com/5b5980eaf1c6b7.67034961
uffer,Uffer Savognin,280,Construction sites,https://uffer.roundshot.com/,https://storage2.roundshot.com/53aacabc0e2534.81303209
uffer_panorama,Panorama,135,Construction sites,https://uffer.roundshot.com/panorama/,https://storage2.roundshot.com/56ab46030a8ec8.90857009
warteck_syd,Warteck Invest AG,50,Construction sites,https://warteck.roundshot.com/syd/,https://storage2.roundshot.com/5f0332c1226714.02722637
kuratleimmobilien,kuratle Immobilien,180,Construction sites,https://kuratleimmobilien.roundshot.com/,https://storage2.roundshot.com/5f490ea2f02ad6.87993022
flugplatzschupfart,Flugplatz Fricktal Schupfart,360,Airports,https://flugplatzschupfart.roundshot.com/,https://storage2.roundshot.com/58eb4481605615.63926737
birrfeld,Flughafen Birrfeld,360,Airports,https://birrfeld.roundshot.com/,https://storage2.roundshot.com/552530f44d6fc3.49354975
buochs,Buochs Airport,360,Airports,https://buochs.roundshot.com/,https://storage.roundshot.com/53ce623b040631.30689073
engadin-airport,Engadin Airport - Samedan,360,Airports,https://engadin-airport.roundshot.com/,https://storage2.roundshot.com/56c702736d2025.83338463
erlebnisflugplatz,Erlebnisflugplatz Sitterdorf,360,Airports,https://erlebnisflugplatz.roundshot.com/,https://storage2.roundshot.com/5b7400650d4ea9.28802462
fliegen,Grenchen Flughafen,360,Airports,https://fliegen.roundshot.com/,https://storage2.roundshot.com/53a974414ddfe7.48910878
gstaad-airport,Gstaad Airport,210,Airports,https://gstaad-airport.roundshot.com/,https://storage2.roundshot.com/597f429a769f71.06054879
albiswings,Hausen am Albis Flugplatz,360,Airports,https://albiswings.roundshot.com/,https://storage2.roundshot.com/53a9735033ee93.12581862
lszr,People's Airport St. Gallen - Altenrhein,360,Airports,https://lszr.roundshot.com/,https://storage2.roundshot.com/5c8b6fec9dad68.39944594
sionairport,Sion Aéroport,360,Airports,https://sionairport.roundshot.com/,https://storage2.roundshot.com/5773b57ae23510.59080675
albinen,Albinen Gemeinde,180,Villages,https://albinen.roundshot.com/,https://storage2.roundshot.com/5ef9add5141ec7.00467519
blatten_fafleralp,Blatten,360,Villages,https://blatten.roundshot.com/fafleralp/,https://storage2.roundshot.com/5d1b5130b9a532.99124958
celerina,Celerina,360,Villages,https://celerina.roundshot.com/,https://storage.roundshot.com/57beb39a03f7e3.01158735
chax,Château d'Oex,180,Villages,https://chax.roundshot.com/,https://storage.roundshot.com/53a8361fdc63a5.45691356
chexbres,Chexbres,360,Villages,https://chexbres.roundshot.com/,https://storage2.roundshot.com/56d71b7f379aa6.71088040
coppet,Coppet Commune,360,Villages,https://coppet.roundshot.com/,https://storage2.roundshot.com/582991391a6025.23290039
eischoll_dorf,Eischoll - Dorf,360,Villages,https://eischoll.roundshot.com/dorf/,https://storage2.roundshot.com/60c06f52112212.74774816
schauenberg,Schauenberg,360,Villages,https://schauenberg.roundshot.com/,https://storage2.roundshot.com/592c1144bea562.72014108
kandersteg,Kandersteg Langlaufzentrum,360,Villages,https://kandersteg.roundshot.com/,https://storage.roundshot.com/5dea5d574c5ce7.98415549
heiden,Heiden,300,Villages,https://heiden.roundshot.com/,https://storage2.roundshot.com/53a98066017d32.91292386
lumnezia_badesee,Badesee Davos Munts,180,Villages,https://lumnezia.roundshot.com/badesee/,https://storage2.roundshot.com/5b1661a9e5d2b8.24439966
lumnezia_camuns,Camuns,180,Villages,https://lumnezia.roundshot.com/camuns/,https://storage2.roundshot.com/5bcdaf02039955.37089371
menzingen,Menzingen,360,Villages,https://menzingen.roundshot.com/,https://storage.roundshot.com/5cec0fe75a35d2.49652772
plagne,Plagne,360,Villages,https://plagne.roundshot.com/,https://storage2.roundshot.com/58d8e0a8f11161.85004104
roggenberg,Roggenberg,360,Villages,https://roggenberg.roundshot.com/,https://storage2.roundshot.com/53a97525aa0020.79298090
champery,Champéry Village,270,Villages,https://champery.roundshot.com/,https://storage2.roundshot.com/5fdccad46b4cc3.74607511
morgins,Morgins,320,Villages,https://morgins.roundshot.com/,https://storage2.roundshot.com/5fdccddc7daea3.94253281
saastal_dorf,Saas-Fee Dorf,360,Villages,https://saastal.roundshot.com/dorf/,https://storage.roundshot.com/6148443164a608.10708816
engadin_ardez,Ardez,220,Villages,https://engadin.roundshot.com/ardez/,https://storage2.roundshot.com/5f3d25f3417841.61855999
engadin_ftan,Ftan,360,Villages,https://engadin.roundshot.com/ftan/,https://storage2.roundshot.com/5fa3bc90c5bf73.47898036
engadin_sent,Sent,240,Villages,https://engadin.roundshot.com/sent/,https://storage2.roundshot.com/5fa3bd34e02d19.87227346
engadin_tarasp,Tarasp,317,Villages,https://engadin.roundshot.com/tarasp/,https://storage.roundshot.com/5f3d2505ae50c6.59794530
sils,Sils Maria,360,Villages,https://sils.roundshot.com/,https://storage.roundshot.com/5451f591921dc1.17691328
gemeindestalden,Stalden,360,Villages,https://gemeindestalden.roundshot.com/,https://storage2.roundshot.com/54f5817d50d515.12730100
vallorbe,Vallorbe Commune,360,Villages,https://vallorbe.roundshot.com/,https://storage.roundshot.com/5968960185e656.86133759
varen,Varen Einwohnergemeinde,360,Villages,https://varen.roundshot.com/,https://storage2.roundshot.com/600eeb1368d385.73818466
zermatt_langlaufloipe-schalisee,Täsch,360,Villages,https://zermatt.roundshot.com/langlaufloipe-schalisee/,https://storage.roundshot.com/602d39041390e6.94878911
zuozgemeinde,Zuoz Gemeinde,360,Villages,https://zuozgemeinde.roundshot.com/,https://storage2.roundshot.com/571e62649d6bb1.46208224
aigle,Aigle Gemeinde,360,Tourism associations,https://aigle.roundshot.com/,https://storage2.roundshot.com/53ce585c3fa260.21080772
lac-de-tseuzier,Anzère - Lac de Tseuzier,360,Tourism associations,https://lac-de-tseuzier.roundshot.com/,https://storage2.roundshot.com/59a002a2d4d994.17261166
avenches_camping-plage,Avenches - Camping-plage,360,Tourism associations,https://avenches.roundshot.com/camping-plage/,https://storage2.roundshot.com/558a9f2a2dac68.32713755
berntourismus_hotelbellevuepalace,Bellevue Hotel,285,Tourism associations,https://berntourismus.roundshot.com/hotelbellevuepalace/,https://storage2.roundshot.com/53ce5bb64a2b86.45979144
berntourismus_gurten,Gurten,360,Tourism associations,https://berntourismus.roundshot.com/gurten/,https://storage2.roundshot.com/5ab8c13babf5c9.87070882
berntourismus_rosengarten,Rosengarten Restaurant,180,Tourism associations,https://berntourismus.roundshot.com/rosengarten/,https://storage.roundshot.com/53ce5bd90d50b1.35697840
boezingenberg,Bözingenberg,360,Tourism associations,https://boezingenberg.roundshot.com/,https://storage2.roundshot.com/54be2cc7bfcda5.21048119
braunwald_nussbuehl,Nussbuehl,360,Tourism associations,https://braunwald.roundshot.com/nussbuehl/,https://storage.roundshot.com/5bbb68a0cee7c4.24078892
bregagliaturismo_aela,Aela - Bregaglia Turismo,360,Tourism associations,https://bregagliaturismo.roundshot.com/aela/,https://storage.roundshot.com/61684df58848f7.67069771
bregagliaturismo_albigna,Albigna - Bregaglia Turismo,360,Tourism associations,https://bregagliaturismo.roundshot.com/albigna/,https://storage.roundshot.com/61684d48c0ec51.81486154
brigtourismus_rothwald,Rothwald,360,Tourism associations,https://brigtourismus.roundshot.com/rothwald/,https://storage.roundshot.com/61790ae6edbfa0.10866249
lespaccots_corbetta,Corbetta,360,Tourism associations,https://lespaccots.roundshot.com/corbetta/,https://storage.roundshot.com/581c769894e563.94438889
lespaccots_rathvel,Rathvel,360,Tourism associations,https://lespaccots.roundshot.com/rathvel/,https://storage2.roundshot.com/581c79f0d5ebe6.47666640
ga-weissenstein_hafen,Hafen Solothurn,360,Tourism associations,https://ga-weissenstein.roundshot.com/hafen/,https://storage2.roundshot.com/5ce24f674bfa29.30536798
ga-weissenstein_solothurn,Solothurn Stadt,360,Tourism associations,https://ga-weissenstein.roundshot.com/solothurn/,https://storage2.roundshot.com/5c51a5913f12d8.54064644
ga-weissenstein_weissenstein,Weissenstein,360,Tourism associations,https://ga-weissenstein.roundshot.com/weissenstein/,https://storage2.roundshot.com/5a8416ac4ab9c6.09241839
grindelwald_mittellegihuette,Mittellegihütte,360,Tourism associations,https://grindelwald.roundshot.com/mittellegihuette/,https://storage.roundshot.com/612f2577cd5005.18745687
lagruyere,Gruyère,360,Tourism associations,https://lagruyere.roundshot.com/,https://storage.roundshot.com/55d1b40261ad01.27632489
montsoleil,Mont Soleil,360,Tourism associations,https://montsoleil.roundshot.com/,https://storage2.roundshot.com/59e5c25fee21e6.12976559
jungfrau_interlaken-harderkulm,Harder Kulm,360,Tourism associations,https://jungfrau.roundshot.com/interlaken-harderkulm/,https://storage2.roundshot.com/5ab8ba577a66e4.87843214
jungfrau_schynige-platte,Schynige Platte,360,Tourism associations,https://jungfrau.roundshot.com/schynige-platte/,https://storage2.roundshot.com/5b07b425c33048.76749639
juratourisme_aventurejuraparc,Aventure Jura Parc Rebeuvelier,360,Tourism associations,https://juratourisme.roundshot.com/aventurejuraparc/,https://storage2.roundshot.com/53a98831407ef7.01773470
juratourisme_delemont,Delémont,360,Tourism associations,https://juratourisme.roundshot.com/delemont/,https://storage2.roundshot.com/53a98f4446b735.41328334
juratourisme_noirmont,Le Noirmont,180,Tourism associations,https://juratourisme.roundshot.com/noirmont/,https://storage2.roundshot.com/53a98c92345e05.26825052
juratourisme_lesordons,Les Ordons,300,Tourism associations,https://juratourisme.roundshot.com/lesordons/,https://storage2.roundshot.com/59a71f1732c727.80171059
juratourisme_porrentruy,Porrentruy,320,Tourism associations,https://juratourisme.roundshot.com/porrentruy/,https://storage2.roundshot.com/53a98d163ad896.35321075
juratourisme_saignelegier,Saignelégier,360,Tourism associations,https://juratourisme.roundshot.com/saignelegier/,https://storage2.roundshot.com/53a98bf55c82c2.44826551
juratourisme_st-ursanne,St Ursanne,240,Tourism associations,https://juratourisme.roundshot.com/st-ursanne/,https://storage2.roundshot.com/53a98dc1797129.48576895
kronberg_gipfel,Kronberg Gipfel,360,Tourism associations,https://kronberg.roundshot.com/gipfel/,https://storage.roundshot.com/608fc16698a1e7.09133428
luzerntourismus,Luzern,210,Tourism associations,https://luzerntourismus.roundshot.com/,https://storage2.roundshot.com/53aa922da49ec7.57439399
weggis,Weggis,265,Tourism associations,https://weggis.roundshot.com/,https://storage2.roundshot.com/54bd09aee73172.33986649
montreux,Montreux,360,Tourism associations,https://montreux.roundshot.com/,https://storage2.roundshot.com/556824de219494.02676307
morat,Murten - Morat,210,Tourism associations,https://morat.roundshot.com/,https://storage2.roundshot.com/53aa962719f593.63804350
montmagny,Vully les Lacs - Montmagny,360,Tourism associations,https://montmagny.roundshot.com/,https://storage2.roundshot.com/558a84216fe385.16758722
morgesregion,Morges - Port,250,Tourism associations,https://morgesregion.roundshot.com/,https://storage2.roundshot.com/553b32b0bc3173.33224654
morgesregion_ville,Morges - Ville,360,Tourism associations,https://morgesregion.roundshot.com/ville/,https://storage2.roundshot.com/567036de01a748.73591800
napoleonturm,Napoleonturm,360,Tourism associations,https://napoleonturm.roundshot.com/,https://storage2.roundshot.com/6086f0ffa45785.24190660
nyon-tourisme,Nyon,360,Tourism associations,https://nyon-tourisme.roundshot.com/,https://storage2.roundshot.com/55dae11ef1e736.84215477
obergoms_oberwald,Oberwald,360,Tourism associations,https://obergoms.roundshot.com/oberwald/,https://storage.roundshot.com/5a0afd597aaf75.90842617
obergoms_ulrichen,Ulrichen - Nordisches Zentrum,360,Tourism associations,https://obergoms.roundshot.com/ulrichen/,https://storage.roundshot.com/5a0afc4ded6a20.59282611
chaumont,Chaumont,360,Tourism associations,https://chaumont.roundshot.com/,https://storage2.roundshot.com/53aa9a99658453.62437888
jeunesrives,Jeunes-Rives,360,Tourism associations,https://jeunesrives.roundshot.com/,https://storage2.roundshot.com/5a562a2c1e2a58.28043051
lachauxdefonds,La Chaux-de-Fonds,360,Tourism associations,https://lachauxdefonds.roundshot.com/,https://storage2.roundshot.com/54663aac8b1a77.11089022
larobella,La Robella,360,Tourism associations,https://larobella.roundshot.com/,https://storage2.roundshot.com/5a3a48a303ccc2.51790966
lacdeneuchatel,Lac de Neuchâtel,360,Tourism associations,https://lacdeneuchatel.roundshot.com/,https://storage2.roundshot.com/55eeeaac99d4b4.39247684
tailleres,Lac des Taillères,261,Tourism associations,https://tailleres.roundshot.com/,https://storage2.roundshot.com/53aa9c299d9823.87728304
lesbrenets,Les Brenets,360,Tourism associations,https://lesbrenets.roundshot.com/,https://storage2.roundshot.com/53aa9d904d01d0.81806281
neuchatel,Neuchâtel,360,Tourism associations,https://neuchatel.roundshot.com/,https://storage2.roundshot.com/54748cca0a3387.37093644
tete-de-ran,Tête de Ran,360,Tourism associations,https://tete-de-ran.roundshot.com/,https://storage2.roundshot.com/543509554a8bb2.55362362
schwarzseetourismus,Schwarzsee Tourismus,360,Tourism associations,https://schwarzseetourismus.roundshot.com/,https://storage2.roundshot.com/563b5a9b9e8c76.60965332
sierre-tourisme,Sierre Tourisme - Venthone,360,Tourism associations,https://sierre-tourisme.roundshot.com/,https://storage2.roundshot.com/56cd98f98805d9.46784144
valleedejoux,Vallée de Joux,360,Tourism associations,https://valleedejoux.roundshot.com/,https://storage.roundshot.com/55f823bc084b99.49667631
valleedutrient_emosson,Emosson,360,Tourism associations,https://valleedutrient.roundshot.com/emosson/,https://storage.roundshot.com/5bcde92821f442.21594900
valleedutrient_salanfe,Salanfe,360,Tourism associations,https://valleedutrient.roundshot.com/salanfe/,https://storage.roundshot.com/5ec5333690aac3.39416254
valleedutrient_trient,Trient,360,Tourism associations,https://valleedutrient.roundshot.com/trient/,https://storage.roundshot.com/5c051411babc17.14330178
valleedutrient_telemarecottes,Télé Marécottes,360,Tourism associations,https://valleedutrient.roundshot.com/telemarecottes/,https://storage.roundshot.com/5b59b273448eb0.16775125
valleedutrient_vallorcine,Vallorcine,360,Tourism associations,https://valleedutrient.roundshot.com/vallorcine/,https://storage.roundshot.com/5c5c4fcb4b6c29.81541984
valleedutrient_vernayaz,Vernayaz,360,Tourism associations,https://valleedutrient.roundshot.com/vernayaz/,https://storage.roundshot.com/5c052bad390958.61862429
wilerturm,Wiler Turm,360,Tourism associations,https://wilerturm.roundshot.com/,https://storage.roundshot.com/545b7dcf9cedf1.10734711
yverdon_lesrasses,Les Rasses,360,Tourism associations,https://yverdon.roundshot.com/lesrasses/,https://storage.roundshot.com/5751200cdce293.99758065
yverdon_ville,Ville,225,Tourism associations,https://yverdon.roundshot.com/ville/,https://storage2.roundshot.com/56df104a526836.52840206
zuerichtourismus_stadthaus,Zürich Stadthaus,360,Tourism associations,https://zuerichtourismus.roundshot.com/stadthaus/,https://storage2.roundshot.com/53aad7f638ecd6.53792695
zuerichtourismus_zuerichwest,Zürich West,233,Tourism associations,https://zuerichtourismus.roundshot.com/zuerichwest/,https://storage2.roundshot.com/53aad6578ec082.95526880
laf,Adliswil-Felsenegg Luftseilbahn LAF AG,180,Corporates,https://laf.roundshot.com/,https://storage2.roundshot.com/56b9ece79a26e1.84509009
brienzrothorn,Brienzer Rothorn,360,Corporates,https://brienzrothorn.roundshot.com/,https://storage2.roundshot.com/60d59dd50e5817.58412601
casinointerlaken,Casino Interlaken AG,180,Corporates,https://casinointerlaken.roundshot.com/,https://storage.roundshot.com/61794eae54e6a1.66682952
computechnic,Rorschacherberg,360,Corporates,https://computechnic.roundshot.com/,https://storage2.roundshot.com/53a838bc15a356.87772279
gefluegelhof_schoenenbuehl,Geflügelhof Schönenbühl,260,Corporates,https://gefluegelhof.roundshot.com/schoenenbuehl/,https://storage2.roundshot.com/6082bd822fedd8.14660948
fotoprocolora,Bendern,360,Corporates,https://fotoprocolora.roundshot.com/,https://storage2.roundshot.com/54fd73e5c777b0.47904938
knieskinderzoo,Knie's Kinderzoo Rapperswil,360,Corporates,https://knieskinderzoo.roundshot.com/,https://storage2.roundshot.com/5f16937e2cbc43.17789381
pilgerhaus-maria-rickenbach,Pilgerhaus Maria-Rickenbach,360,Corporates,https://pilgerhaus-maria-rickenbach.roundshot.com/,https://storage2.roundshot.com/5faa695674b616.61181751
klosterdisentis,Kloster Disentis,360,Corporates,https://klosterdisentis.roundshot.com/,https://storage.roundshot.com/5751307a705e43.33797960
sgv_stadtluzern,Dampfschiff Stadt Luzern,318,Corporates,https://sgv.roundshot.com/stadtluzern/,https://storage2.roundshot.com/600fdf1cc65460.69030285
nzz,NZZ Zürich,360,Corporates,https://nzz.roundshot.com/,https://storage2.roundshot.com/53aa9f913d42d6.52047249
rigibahnen_scheidegg,Rigi Scheidegg,360,Corporates,https://rigibahnen.roundshot.com/scheidegg/,https://storage.roundshot.com/5aeb37d05126f4.85574833
pizzomatro,Pizzo Matro,360,Corporates,https://pizzomatro.roundshot.com/,https://storage2.roundshot.com/5d76324b960c51.27745346
ruetliwiese,Rütliwiese,160,Corporates,https://ruetliwiese.roundshot.com/,https://storage2.roundshot.com/5cb849d53f8e21.77681642
lustdorf,Lustdorf,360,Corporates,https://lustdorf.roundshot.com/,https://storage2.roundshot.com/531f17c98aeba5.30442284
shp,Swiss Holiday Park,360,Corporates,https://shp.roundshot.com/,https://storage2.roundshot.com/53ce6f2ee70be4.71396917
bantiger,Bantiger,360,Corporates,https://bantiger.roundshot.com/,https://storage2.roundshot.com/5979c2b57c9276.64654717
chasseral,Chasseral,360,Corporates,https://chasseral.roundshot.com/,https://storage2.roundshot.com/5b0d20173e3382.26837709
dole,Dôle,360,Corporates,https://dole.roundshot.com/,https://storage2.roundshot.com/5c1a1c2d4d2675.50511261
guttetfeschel,Guttet Feschel,360,Corporates,https://guttetfeschel.roundshot.com/,https://storage.roundshot.com/5d7a5e79d5f5c2.55410452
montgibloux,Mont Gibloux,360,Corporates,https://montgibloux.roundshot.com/,https://storage.roundshot.com/5c1a1cf7d659d3.64996013
montpelerin,Mont Pèlerin,360,Corporates,https://montpelerin.roundshot.com/,https://storage2.roundshot.com/5bc87012a72d81.60422707
sansalvatore,Monte San Salvatore,360,Corporates,https://sansalvatore.roundshot.com/,https://storage.roundshot.com/5b8d404fd1f2f7.50548257
rigi,Rigi,360,Corporates,https://rigi.roundshot.com/,https://storage.roundshot.com/5c1a1db365b684.49402499
chrischona,St. Chrischona,360,Corporates,https://chrischona.roundshot.com/,https://storage2.roundshot.com/59c2394391a003.21626272
valzeina,Valzeina,360,Corporates,https://valzeina.roundshot.com/,https://storage2.roundshot.com/5b212e22c1c372.84332114
tissot,Tissot - Le Locle,250,Corporates,https://tissot.roundshot.com/,https://storage2.roundshot.com/53aaa7b3bf3941.38807850
hagenturm,Hagenturm,180,Corporates,https://hagenturm.roundshot.com/,https://storage2.roundshot.com/5b7ac2af757fa6.22789399
golfbrigels,Golf Brigels,360,Golf clubs,https://golfbrigels.roundshot.com/,https://storage2.roundshot.com/608ac1587af242.31445825
andermatt_city,Andermatt City,140,Cities,https://andermatt.roundshot.com/city/,https://storage.roundshot.com/59f9d2eb80d3f5.23836078
andermatt_golfplatz,Golfplatz,200,Cities,https://andermatt.roundshot.com/golfplatz/,https://storage.roundshot.com/593ea21240c693.00870888
bulle,Bulle,360,Cities,https://bulle.roundshot.com/,https://storage2.roundshot.com/5b7426f680d267.71444642
frauenfeld,Frauenfeld,360,Cities,https://frauenfeld.roundshot.com/,https://storage2.roundshot.com/5a1d1dbc399048.56566075
laufenburg_stadt,Laufenburg Gemeinde,230,Cities,https://laufenburg.roundshot.com/stadt/,https://storage2.roundshot.com/60c30270980a92.15853684
baden_turm-baldegg,Wasserturm Baldegg,360,Cities,https://baden.roundshot.com/turm-baldegg/,https://storage.roundshot.com/59a56f8c2d2ae9.90088670
winterthur_altstadt,Altstadt,360,Cities,https://winterthur.roundshot.com/altstadt/,https://storage2.roundshot.com/53aad57c366e91.47175005
winterthur_roterturm,Roter Turm,270,Cities,https://winterthur.roundshot.com/roterturm/,https://storage2.roundshot.com/5ab0d9701bb178.05395983
zuerichtourismus_storchen,Storchen Hotel,360,Cities,https://zuerichtourismus.roundshot.com/storchen/,https://storage2.roundshot.com/601ab50036de74.47853441
msap,Vevey,360,Museums,https://msap.roundshot.com/,https://storage.roundshot.com/53aa96f2f15927.24244761
capannagorda,Capanna Gorda,360,Restaurants,https://capannagorda.roundshot.com/,https://storage.roundshot.com/5bd6e833b58be5.73835412
berghausgampluet,Gamplüt Berghaus,360,Restaurants,https://berghausgampluet.roundshot.com/,https://storage2.roundshot.com/594153c81c4d72.44698687
lecarrefour,Le Carrefour,330,Restaurants,https://lecarrefour.roundshot.com/,https://storage.roundshot.com/53aa7acb4e6e11.56280419
refugesolalex,Refuge Solalex,360,Restaurants,https://refugesolalex.roundshot.com/,https://storage.roundshot.com/61698f656800e1.53065175
wildspitz,Wildspitz,360,Restaurants,https://wildspitz.roundshot.com/,https://storage.roundshot.com/5595515f75aba9.83008277
hafen-faoug,Jack Beck - Faoug,360,Harbors,https://hafen-faoug.roundshot.com/,https://storage2.roundshot.com/571dd53eb2df46.76825106
latourdepeilz,La Tour-de-Peilz,360,Harbors,https://latourdepeilz.roundshot.com/,https://storage2.roundshot.com/577ccac598a9e0.63895671
sgv,Lake Lucerne,335,Harbors,https://sgv.roundshot.com/,https://storage2.roundshot.com/53aa90f797be63.63524585
hafenamrheinspitz,Rheinspitz,120,Harbors,https://hafenamrheinspitz.roundshot.com/,https://storage.roundshot.com/56991377702513.34463660
vengeron,Plage du Vengeron,360,Harbors,https://vengeron.roundshot.com/,https://storage2.roundshot.com/55dc1f2e90dab7.10934373
rehabern,Berner Reha Zentrum Heiligenschwendi,360,Hospitals,https://rehabern.roundshot.com/,https://storage2.roundshot.com/595e3fe12059f0.23556672
gzo,GZO Spital Wetzikon,340,Hospitals,https://gzo.roundshot.com/,https://storage2.roundshot.com/53a979853ab391.41220151
ksgr,Chur,230,Hospitals,https://ksgr.roundshot.com/,https://storage2.roundshot.com/53ce69426227f6.12098355
lhm,Luzerner Höhenklinik Montana,360,Hospitals,https://lhm.roundshot.com/,https://storage2.roundshot.com/53aa92f61b1e20.59753483
luks-luzern,Luzern,360,Hospitals,https://luks-luzern.roundshot.com/,https://storage2.roundshot.com/57d678c7c86300.66693662
luks-luzern_kinderspital,Luzern Kinderspital,180,Hospitals,https://luks-luzern.roundshot.com/kinderspital/,https://storage2.roundshot.com/5ee10183dfd135.24461226
luks-sursee,Sursee,360,Hospitals,https://luks-sursee.roundshot.com/,https://storage2.roundshot.com/577237af68bd21.05107756
luks-wolhusen,Wolhusen,360,Hospitals,https://luks-wolhusen.roundshot.com/,https://storage2.roundshot.com/57728075972f06.76882974
maiengarten,Bertschikon,360,Hospitals,https://maiengarten.roundshot.com/,https://storage2.roundshot.com/53aa94ace7c186.24562765
rehabellikon,Rehaklinik Bellikon,360,Hospitals,https://rehabellikon.roundshot.com/,https://storage2.roundshot.com/6086d89f3201d1.39253008
ksnw,Stans,360,Hospitals,https://ksnw.roundshot.com/,https://storage.roundshot.com/57e2b1fa117222.19088566
